{"cameraMode":{"drawMode":0,"name":"Shaded","section":"Shading Mode"},"sceneLighting":true,"audioPlay":false,"sceneViewState":{"showFog":false,"showMaterialUpdate":true,"showSkybox":false,"showFlares":true,"showImageEffects":true,"showParticleSystems":true},"in2DMode":false,"pivot":{"x":21.21902084350586,"y":0.5613013505935669,"z":-6.170048236846924},"rotation":{"x":0.16663965582847596,"y":0.2729603052139282,"z":-0.04806054010987282,"w":0.9462932348251343},"size":1.7952356338500977,"orthographic":false}