{"cameraMode":{"drawMode":0,"name":"Shaded","section":"Shading Mode"},"sceneLighting":false,"audioPlay":false,"sceneViewState":{"showFog":false,"showMaterialUpdate":true,"showSkybox":false,"showFlares":true,"showImageEffects":true,"showParticleSystems":true},"in2DMode":false,"pivot":{"x":21.906999588012697,"y":0.8740000128746033,"z":-6.810999870300293},"rotation":{"x":0.06329583376646042,"y":0.5117393732070923,"z":-0.037838008254766467,"w":0.8559949994087219},"size":0.09707807749509812,"orthographic":false}