{"cameraMode":{"drawMode":0,"name":"Shaded","section":"Shading Mode"},"sceneLighting":false,"audioPlay":false,"sceneViewState":{"showFog":false,"showMaterialUpdate":true,"showSkybox":false,"showFlares":true,"showImageEffects":true,"showParticleSystems":true},"in2DMode":false,"pivot":{"x":0.02795814536511898,"y":0.40142232179641726,"z":0.3525985777378082},"rotation":{"x":0.07268546521663666,"y":0.823309063911438,"z":-0.108309306204319,"w":0.5524230599403381},"size":0.2919241487979889,"orthographic":false}